geoid,name,population,value,percentile,numerator,denominator,se
94601,94601,53039,-0.380256442,0.246001523,,,
94501,94501,63821,0.584655501,0.860624524,,,
94560,94560,47171,0.389073129,0.740289414,,,
94587,94587,74722,0.448255707,0.783701447,,,
94580,94580,30488,0.246554257,0.654226961,,,
94703,94703,21697,0.680853557,0.903274943,,,
95669,95669,2315,-0.232278564,0.338918507,,,
95901,95901,33455,-0.452013518,0.20106626,,,
94549,94549,29795,1.11550386,0.985529322,,,
94595,94595,18117,0.690898488,0.908606245,,,
94506,94506,25240,0.880534421,0.959634425,,,
94806,94806,64286,-0.143547496,0.399086062,,,
94801,94801,31210,-0.387579148,0.239146992,,,
94803,94803,25893,0.469084465,0.801218583,,,
94553,94553,49784,0.580778698,0.859101295,,,
94530,94530,26145,0.71260209,0.91926885,,,
94572,94572,10384,0.030185768,0.518659558,,,
95567,95567,1802,-0.253012433,0.327494288,,,
93612,93612,35140,-0.325444212,0.275704494,,,
93630,93630,20764,-0.519398268,0.172124905,,,
93646,93646,11738,-1.057271765,0.018278751,,,
93703,93703,32754,-1.020605777,0.023610053,,,
93234,93234,7355,-1.348738695,0.003808073,,,
93616,93616,2582,-0.755032338,0.08073115,,,
95503,95503,25972,0.05095738,0.533891851,,,
95560,95560,1615,-0.240835125,0.332063976,,,
95524,95524,1668,0.367978448,0.730388423,,,
92243,92243,50402,-0.545438806,0.158415842,,,
93527,93527,1559,-0.325129615,0.277227723,,,
93305,93305,37902,-1.205231986,0.009139375,,,
93308,93308,53981,-0.611550969,0.126428027,,,
93311,93311,45481,0.132489481,0.590251333,,,
93245,93245,38480,-0.411655577,0.225437928,,,
93202,93202,4273,-0.616659443,0.124904798,,,
95485,95485,2650,-0.432164038,0.214775324,,,
96130,96130,20119,-0.139660389,0.402894136,,,
91504,91504,26749,0.133657767,0.591774562,,,
91606,91606,44295,-0.373318755,0.250571211,,,
90640,90640,62730,-0.290581055,0.295506474,,,
91770,91770,62703,-0.283087806,0.30312262,,,
93535,93535,74264,-0.793602517,0.068545316,,,
90290,90290,5681,0.564472257,0.851485149,,,
91792,91792,29619,-0.004746216,0.499619193,,,
91789,91789,44440,0.267047794,0.664127951,,,
91791,91791,33397,0.070403791,0.550647372,,,
91723,91723,18521,-0.046697538,0.470677837,,,
91773,91773,34007,0.209610375,0.63594821,,,
91702,91702,62066,-0.201320979,0.364813404,,,
91741,91741,26794,0.393383969,0.746382331,,,
91765,91765,46593,0.299828044,0.690022848,,,
90303,90303,24374,-0.580342276,0.139375476,,,
90033,90033,49155,-0.896316638,0.045696877,,,
90032,90032,48031,-0.381209454,0.243716679,,,
90249,90249,26429,-0.076125037,0.448591013,,,
91355,91355,30526,0.281439255,0.674790556,,,
91350,91350,36173,0.390679179,0.742574257,,,
91387,91387,42034,0.077272931,0.554455446,,,
91001,91001,37818,0.330425669,0.707539985,,,
91604,91604,32910,0.636508998,0.882711348,,,
91402,91402,72059,-0.58609572,0.135567403,,,
91030,91030,25637,0.695264021,0.912414318,,,
91108,91108,13375,0.654301751,0.891850724,,,
90062,90062,35916,-0.580802829,0.138613861,,,
90293,90293,12728,0.668619895,0.894897182,,,
90292,90292,23549,0.51192367,0.826351866,,,
90003,90003,73730,-1.078935201,0.014470678,,,
90056,90056,7649,0.36380561,0.728865194,,,
90732,90732,22780,0.298416865,0.688499619,,,
90716,90716,14285,-0.49875755,0.179741051,,,
90805,90805,95995,-0.592716733,0.133282559,,,
90402,90402,11882,0.888907054,0.961157654,,,
90010,90010,3822,-0.208828575,0.357197258,,,
91040,91040,20049,-0.008813187,0.496572734,,,
90403,90403,23902,0.732956884,0.924600152,,,
93550,93550,77506,-0.720311269,0.089108911,,,
92397,92397,4562,0.058716902,0.541507997,,,
91732,91732,62905,-0.57396566,0.143945164,,,
91731,91731,30222,-0.621405813,0.124143184,,,
94949,94949,18695,0.620806864,0.875856816,,,
94939,94939,6747,1.126565264,0.986290937,,,
95428,95428,2580,-0.98555307,0.0312262,,,
95425,95425,10984,0.153158814,0.602437167,,,
95449,95449,1560,-0.255452654,0.3229246,,,
95301,95301,39186,-0.309692045,0.285605484,,,
96134,96134,2059,-0.488097956,0.186595583,,,
93907,93907,23299,-0.015849884,0.492764661,,,
93953,93953,4028,0.389241217,0.741051028,,,
94599,94599,3108,0.199341808,0.629093679,,,
96161,96161,18488,0.392301757,0.744859101,,,
92840,92840,54735,-0.107914035,0.426504189,,,
92841,92841,33754,-0.195903282,0.367859863,,,
92647,92647,62199,0.276387926,0.670982483,,,
92673,92673,30768,0.637278347,0.883472963,,,
92865,92865,20664,0.286670527,0.679360244,,,
92866,92866,15574,0.063752036,0.54531607,,,
92624,92624,6372,0.42822519,0.768469155,,,
96020,96020,2369,0.064567631,0.546077685,,,
95947,95947,1657,-0.400354539,0.233054075,,,
96118,96118,1779,-0.253217581,0.326732673,,,
92234,92234,54357,-0.451709374,0.201827875,,,
92240,92240,35278,-0.761445947,0.079207921,,,
92544,92544,49923,-0.526807339,0.167555217,,,
92543,92543,38314,-0.822139865,0.058644326,,,
92264,92264,20072,-0.095383432,0.436405179,,,
92201,92201,65726,-0.496615698,0.180502666,,,
92373,92373,33353,0.233471776,0.64737243,,,
92210,92210,5138,0.214225144,0.637471439,,,
92324,92324,59972,-0.43050683,0.216298553,,,
92399,92399,54268,-0.111977375,0.425742574,,,
95843,95843,47823,0.099532848,0.568926123,,,
95814,95814,11908,0.366514213,0.729626809,,,
95864,95864,23352,0.51795933,0.82863671,,,
95655,95655,4156,0.011340346,0.509520183,,,
95824,95824,30296,-0.785700468,0.073115004,,,
92394,92394,34915,-0.587757128,0.134044174,,,
92410,92410,45052,-1.037194576,0.021325209,,,
92337,92337,39240,-0.116190068,0.420411272,,,
92313,92313,12547,0.099993757,0.569687738,,,
92325,92325,7948,-0.3246605,0.277989337,,,
92014,92014,13568,0.82918647,0.948210206,,,
92020,92020,59743,-0.208672108,0.357958873,,,
92111,92111,50693,0.067582927,0.548362529,,,
92108,92108,22280,0.227723908,0.644325971,,,
92037,92037,38168,0.716918173,0.920792079,,,
92104,92104,45435,0.243026738,0.653465347,,,
92154,92154,88979,-0.30699724,0.286367098,,,
92067,92067,7724,0.528966399,0.835491241,,,
92075,92075,12752,0.6723909,0.897182026,,,
92103,92103,34700,0.702652005,0.914699162,,,
91935,91935,8550,-0.033674237,0.4843869,,,
91978,91978,10506,0.130423187,0.588728104,,,
91906,91906,4428,-0.623917866,0.122619954,,,
92069,92069,50376,0.084552118,0.562071592,,,
92010,92010,16346,0.479039115,0.808073115,,,
92058,92058,46029,-0.575329091,0.14166032,,,
94131,94131,29523,1.162926601,0.99009901,,,
94124,94124,35747,-0.075383849,0.449352628,,,
94134,94134,42418,0.195201254,0.626808835,,,
94108,94108,14143,0.09673048,0.565879665,,,
94130,94130,3008,-0.824477581,0.057882711,,,
95242,95242,26409,0.251692862,0.658796649,,,
95240,95240,48799,-0.321282468,0.278750952,,,
95320,95320,12822,0.121973788,0.579588728,,,
93405,93405,35898,0.039470799,0.524752475,,,
93433,93433,13535,0.081493121,0.559025133,,,
93430,93430,2847,-0.378646606,0.246763138,,,
94070,94070,31074,1.158513898,0.989337395,,,
94065,94065,12461,1.07537711,0.983244478,,,
94019,94019,20512,0.802673442,0.942117289,,,
93105,93105,28545,0.613734157,0.870525514,,,
93109,93109,10771,0.362309974,0.72810358,,,
95138,95138,20674,0.690878279,0.907844631,,,
95033,95033,9511,0.810762167,0.942878903,,,
95120,95120,38122,0.985716207,0.97029703,,,
95136,95136,47476,0.46658418,0.798172125,,,
95123,95123,68766,0.49995246,0.821020564,,,
94304,94304,3852,1.06134531,0.980959634,,,
95073,95073,11013,0.467572164,0.799695354,,,
96019,96019,10178,-0.314949421,0.281035796,,,
96025,96025,2126,-0.474676379,0.193450114,,,
95687,95687,69060,0.221694953,0.641279513,,,
94590,94590,37280,-0.290370082,0.297029703,,,
95441,95441,1797,0.315078177,0.702208682,,,
95448,95448,17407,0.558540047,0.84843869,,,
95465,95465,2244,0.39265021,0.745620716,,,
95405,95405,21082,0.522977363,0.830921554,,,
95407,95407,42026,-0.203476304,0.362528561,,,
95476,95476,36586,0.440008566,0.776085301,,,
94951,94951,4574,0.296326595,0.68697639,,,
95350,95350,54210,-0.24266282,0.331302361,,,
95367,95367,25072,-0.194981462,0.368621478,,,
95319,95319,1745,-0.7017873,0.095201828,,,
96055,96055,3866,-0.461121335,0.198781417,,,
96052,96052,1574,-0.526667084,0.168316832,,,
95379,95379,4003,-0.070054725,0.452399086,,,
95383,95383,3611,0.006543404,0.506473724,,,
93012,93012,36052,0.57812592,0.856816451,,,
93066,93066,3220,-0.198028903,0.366336634,,,
93036,93036,48162,-0.137651347,0.405940594,,,
93004,93004,31525,0.335069982,0.711348058,,,
93022,93022,7179,0.351002099,0.721249048,,,
95616,95616,52212,0.182979411,0.617669459,,,
95691,95691,38690,0.160632574,0.605483625,,,
94705,94705,13527,0.989518702,0.973343488,,,
94602,94602,30162,0.544852282,0.840822544,,,
95689,95689,1698,-0.178714628,0.379284082,,,
95969,95969,23572,-0.425907886,0.221629855,,,
95948,95948,11917,-0.28550275,0.300837776,,,
95228,95228,4541,-0.042640081,0.47448591,,,
95252,95252,16262,-0.003802975,0.500380807,,,
95245,95245,1717,-0.597776163,0.130997715,,,
95932,95932,7633,-0.191697295,0.373191165,,,
95645,95645,1881,-0.329916437,0.271134806,,,
94596,94596,21700,0.764110185,0.931454684,,,
94583,94583,35231,0.828718494,0.947448591,,,
94804,94804,40931,-0.112411554,0.424219345,,,
93660,93660,4090,-0.800362791,0.067783701,,,
93611,93611,49053,0.206966486,0.633663366,,,
93706,93706,40586,-1.14039532,0.011424219,,,
93618,93618,31470,-0.675405798,0.101294745,,,
93622,93622,10335,-0.946074865,0.035795887,,,
93728,93728,16574,-0.882968843,0.047981721,,,
93701,93701,10166,-1.240082222,0.006854532,,,
93620,93620,8906,-0.486266184,0.187357197,,,
93656,93656,5806,-0.728179532,0.085300838,,,
93242,93242,3474,-0.725356576,0.086062452,,,
95546,95546,3466,-0.765121073,0.076923077,,,
95570,95570,2338,-0.102414607,0.430312262,,,
93513,93513,1621,0.030925785,0.520182788,,,
93307,93307,86832,-1.032833497,0.022086824,,,
93516,93516,2244,-0.650220295,0.114242193,,,
93561,93561,34979,-0.200159401,0.365575019,,,
93201,93201,1580,-1.230114681,0.008377761,,,
95467,95467,5506,-0.115690788,0.421172887,,,
95461,95461,2567,-0.099907088,0.43335872,,,
95453,95453,11369,-0.095002564,0.437928408,,,
96056,96056,1530,-0.209904641,0.355674029,,,
91306,91306,49678,-0.215617048,0.351865956,,,
91755,91755,26803,-0.270532158,0.309215537,,,
90701,90701,16801,-0.153837574,0.392231531,,,
90241,90241,43215,-0.138057893,0.404417365,,,
90250,90250,97072,-0.233954042,0.335872049,,,
90210,90210,19314,0.597272507,0.865194212,,,
90004,90004,60541,-0.40882521,0.228484387,,,
90013,90013,12559,-0.380414221,0.245239909,,,
90069,90069,20230,0.631440875,0.881188119,,,
91384,91384,29212,0.267727956,0.666412795,,,
90704,90704,3979,-0.03680867,0.478293983,,,
90059,90059,46185,-0.983550346,0.031987814,,,
91601,91601,36841,-0.20323688,0.363290175,,,
91352,91352,47076,-0.528816698,0.164508759,,,
91311,91311,40839,0.227704842,0.643564356,,,
90068,90068,21092,0.531713289,0.836252856,,,
90744,90744,56880,-0.70646289,0.093678599,,,
90023,90023,46680,-0.804471282,0.066260472,,,
90016,90016,45899,-0.466351597,0.197258187,,,
90713,90713,28202,0.395518131,0.748667174,,,
90058,90058,2718,-1.058728133,0.017517136,,,
91006,91006,32958,0.282262393,0.675552171,,,
90638,90638,49227,0.116769216,0.575780655,,,
90606,90606,32987,-0.286586484,0.300076161,,,
91016,91016,41105,0.191694051,0.622239147,,,
90602,90602,25581,-0.352076444,0.264280274,,,
93644,93644,9055,0.070063971,0.549885758,,,
93614,93614,11982,-0.097089598,0.435643564,,,
95470,95470,5561,-0.045603842,0.471439452,,,
95460,95460,2508,0.125565653,0.582635187,,,
93923,93923,12837,0.569316255,0.853008378,,,
93901,93901,28194,-0.146716394,0.396801219,,,
94503,94503,20276,0.289632052,0.682406702,,,
94574,94574,8757,0.448489809,0.784463062,,,
94508,94508,3935,0.414709105,0.75780655,,,
92844,92844,23189,-0.18377341,0.376999238,,,
92843,92843,46873,-0.194366222,0.369383092,,,
92602,92602,23238,0.620420673,0.875095202,,,
92649,92649,35278,0.519841571,0.829398324,,,
92637,92637,16053,0.119159003,0.578065499,,,
92629,92629,26877,0.474397422,0.802741813,,,
92692,92692,46800,0.653627533,0.891089109,,,
92614,92614,27187,0.452244599,0.78750952,,,
92870,92870,53600,0.255394237,0.660319878,,,
92610,92610,16360,0.689138013,0.907083016,,,
92530,92530,58184,-0.407338599,0.229246002,,,
95648,95648,52949,0.261985657,0.661843107,,,
95765,95765,39214,0.554251004,0.846153846,,,
95677,95677,25477,0.310167438,0.697638995,,,
95678,95678,42053,0.234853242,0.649657273,,,
96122,96122,3266,-0.122952915,0.416603199,,,
92509,92509,81383,-0.494150173,0.183549124,,,
92879,92879,47872,-0.216997953,0.348057883,,,
92881,92881,33531,0.217612715,0.638994669,,,
92595,92595,33649,-0.158704457,0.387661843,,,
92591,92591,41609,0.117900571,0.57654227,,,
92223,92223,55580,-0.057435946,0.463823305,,,
92587,92587,17237,-0.004897093,0.498857578,,,
92028,92028,48173,-0.076232248,0.447829398,,,
95818,95818,21625,0.538241913,0.837014471,,,
95673,95673,16636,-0.136884319,0.406702209,,,
95632,95632,31911,0.076156296,0.553693831,,,
95842,95842,33522,-0.373502895,0.248286367,,,
95841,95841,21229,-0.191944557,0.371667936,,,
92345,92345,82110,-0.586846433,0.134805788,,,
91709,91709,80701,0.293373927,0.684691546,,,
91761,91761,61425,-0.186168466,0.374714395,,,
91764,91764,56677,-0.346275899,0.265803503,,,
91737,91737,25154,0.27969581,0.673267327,,,
91708,91708,4009,-0.118297656,0.418888043,,,
92374,92374,43391,-0.084052546,0.444021325,,,
92408,92408,13635,-0.912682263,0.042650419,,,
92376,92376,86085,-0.574845161,0.142421935,,,
92040,92040,46306,0.002761057,0.50418888,,,
92109,92109,47111,0.49544253,0.816450876,,,
92116,92116,33408,0.319693216,0.704493526,,,
92117,92117,56983,0.405805612,0.754760091,,,
91910,91910,74855,-0.078679915,0.445544554,,,
92026,92026,50321,0.001587679,0.503427266,,,
92003,92003,5160,0.172023596,0.610814928,,,
92102,92102,44010,-0.391576213,0.236862148,,,
92056,92056,52337,0.192207942,0.623000762,,,
92054,92054,41807,-0.063234911,0.457730388,,,
94114,94114,34918,1.30179621,0.998476771,,,
94110,94110,72380,0.775180586,0.933739528,,,
95304,95304,14282,0.181983006,0.616907845,,,
95205,95205,38350,-0.964986884,0.034272658,,,
95361,95361,35308,-0.05559511,0.465346535,,,
93420,93420,30740,0.357655037,0.724295506,,,
93428,93428,5859,0.185186167,0.619192688,,,
94010,94010,42760,0.987614238,0.972581874,,,
94015,94015,65041,0.414631877,0.757044935,,,
94038,94038,3450,0.609812152,0.869383092,,,
94020,94020,1697,0.540762319,0.839299315,,,
93103,93103,20538,0.451447907,0.786747906,,,
93013,93013,16652,0.346529357,0.715917746,,,
93460,93460,5284,0.267297751,0.664889566,,,
94085,94085,23223,0.468699334,0.800456969,,,
95148,95148,48273,0.419383266,0.761614623,,,
95127,95127,66256,0.051100452,0.534653465,,,
95119,95119,10027,0.579352842,0.85833968,,,
95014,95014,61866,0.8120018,0.943640518,,,
94043,94043,31161,0.840971368,0.951256664,,,
95129,95129,39741,0.708250483,0.916984006,,,
95128,95128,36975,0.303035509,0.693069307,,,
95117,95117,30369,0.268878129,0.668697639,,,
96003,96003,44328,-0.106820635,0.427265804,,,
96067,96067,7094,-0.032290557,0.485148515,,,
95403,95403,45096,0.118627434,0.577303884,,,
95409,95409,27186,0.425761938,0.764661081,,,
95326,95326,10147,0.027267163,0.516374714,,,
95354,95354,24923,-0.562126977,0.150799695,,,
96035,96035,3629,-0.457156438,0.200304646,,,
93261,93261,2434,-1.230991395,0.007616146,,,
93615,93615,6347,-0.919467363,0.03960396,,,
93265,93265,3379,-0.56950066,0.146991622,,,
93221,93221,14129,-0.365067465,0.256664128,,,
93223,93223,10716,-0.803507888,0.067022087,,,
93258,93258,1952,-1.084959761,0.013709063,,,
93010,93010,46063,0.395227349,0.74790556,,,
93015,93015,17989,-0.005538021,0.498095963,,,
93033,93033,84701,-0.51230399,0.175932978,,,
93030,93030,58422,-0.364563682,0.257425743,,,
95605,95605,14493,-0.412732679,0.223914699,,,
94605,94605,43399,0.082575153,0.559786748,,,
94502,94502,14701,0.987145185,0.971820259,,,
94709,94709,11951,0.453169923,0.788271135,,,
94536,94536,74837,0.564660821,0.852246763,,,
94538,94538,67474,0.478586256,0.8073115,,,
94541,94541,65928,0.075807728,0.552932216,,,
94546,94546,44378,0.478004993,0.805788271,,,
94505,94505,16382,0.352594019,0.722010663,,,
95640,95640,11598,-0.03589978,0.481340442,,,
95917,95917,3717,-0.266548669,0.314546839,,,
95222,95222,5029,0.049106528,0.533130236,,,
94598,94598,27831,0.943472459,0.966488957,,,
94523,94523,35005,0.734552003,0.925361767,,,
94597,94597,23108,0.839871613,0.949733435,,,
95219,95219,29270,0.287255183,0.680121858,,,
94547,94547,25616,0.559206409,0.849200305,,,
93640,93640,12920,-1.414393818,0.002284844,,,
93609,93609,5177,-0.730316554,0.084539223,,,
93619,93619,39473,0.402538818,0.750952018,,,
93721,93721,7650,-1.252935417,0.006092917,,,
93675,93675,3905,-0.534661451,0.162985529,,,
95963,95963,15492,-0.38710551,0.239908606,,,
95951,95951,2686,-0.366386696,0.255902513,,,
95536,95536,2899,-0.099719187,0.434120335,,,
92251,92251,23970,-0.128372156,0.412795126,,,
92250,92250,8655,-0.526882524,0.166793602,,,
93203,93203,22662,-1.05037182,0.01980198,,,
93523,93523,3556,-0.82101254,0.059405941,,,
93505,93505,13774,-0.672607704,0.104341203,,,
93263,93263,22210,-0.843100722,0.054836253,,,
95458,95458,2960,-0.567377958,0.148514851,,,
91208,91208,15860,0.368635669,0.731150038,,,
91405,91405,55506,-0.528745124,0.165270373,,,
91406,91406,54890,-0.227389941,0.341964966,,,
91754,91754,33636,-0.128802689,0.411271896,,,
91356,91356,29822,0.150408837,0.599390708,,,
93536,93536,70237,-0.142210096,0.400609292,,,
91303,91303,31586,-0.441611102,0.208682407,,,
91505,91505,30902,0.389697102,0.741812643,,,
91301,91301,26334,0.620231696,0.874333587,,,
91362,91362,36604,0.637812473,0.884234577,,,
90265,90265,17954,0.639108439,0.884996192,,,
90221,90221,51688,-0.786708468,0.07083016,,,
90242,90242,42694,-0.14657981,0.397562833,,,
91790,91790,45444,-0.040494423,0.476009139,,,
91706,91706,76930,-0.328177395,0.272658035,,,
91767,91767,50606,-0.373468709,0.249047982,,,
91740,91740,25877,0.07919756,0.556740289,,,
90301,90301,38234,-0.437186939,0.211728865,,,
90504,90504,33410,0.264919476,0.662604722,,,
90814,90814,19685,0.451294027,0.785986291,,,
91302,91302,26712,0.675307239,0.898705255,,,
90006,90006,59576,-0.785895535,0.072353389,,,
90065,90065,46461,-0.136731297,0.407463823,,,
91205,91205,37638,-0.388469995,0.238385377,,,
91203,91203,15410,-0.24052262,0.33282559,,,
91343,91343,66743,-0.330828753,0.270373191,,,
90037,90037,67640,-1.042238595,0.020563595,,,
90712,90712,31217,0.247904738,0.65727342,,,
90740,90740,24307,0.539639144,0.837776085,,,
90034,90034,53861,0.300779901,0.690784463,,,
90094,90094,9827,0.6946842,0.911652704,,,
91326,91326,36339,0.441928599,0.77760853,,,
90266,90266,35500,0.879668915,0.95887281,,,
91733,91733,45365,-0.647949692,0.115765423,,,
94901,94901,41713,0.480318121,0.80883473,,,
94925,94925,9838,1.001162835,0.974866717,,,
94960,94960,15868,1.020987719,0.977913176,,,
94930,94930,8728,0.90616564,0.964204113,,,
93635,93635,41180,-0.427931156,0.219345011,,,
95348,95348,34002,-0.525787257,0.169840061,,,
95315,95315,14520,-0.429002316,0.218583397,,,
93921,93921,3316,0.464538411,0.795125666,,,
93925,93925,2073,-0.329679519,0.27189642,,,
93906,93906,64348,-0.273871136,0.307692308,,,
95004,95004,4218,0.171871533,0.610053313,,,
93924,93924,6514,0.406351195,0.755521706,,,
93451,93451,4477,-0.184205023,0.376237624,,,
92821,92821,37712,0.358401429,0.725818736,,,
90720,90720,22261,0.49290298,0.814927647,,,
92845,92845,16273,0.444555511,0.779131759,,,
92807,92807,35687,0.528372111,0.834729627,,,
92835,92835,23528,0.461766232,0.792079208,,,
92701,92701,55058,-0.58417648,0.137852247,,,
92663,92663,21951,0.704122428,0.915460777,,,
92887,92887,20012,0.687024864,0.906321401,,,
92861,92861,5822,0.717823937,0.921553694,,,
92662,92662,2519,0.813276124,0.944402133,,,
95722,95722,5123,0.269597789,0.669459254,,,
95663,95663,2493,0.436332266,0.772277228,,,
95626,95626,6065,-0.009862618,0.495049505,,,
92583,92583,32697,-0.597578294,0.13175933,,,
92211,92211,25056,0.102627115,0.570449353,,,
92882,92882,73250,-0.065075063,0.456207159,,,
92584,92584,54235,0.056090271,0.538461538,,,
92507,92507,59152,-0.46986073,0.195734958,,,
95757,95757,50727,0.371465553,0.732673267,,,
95831,95831,43094,0.427686185,0.76770754,,,
95823,95823,79440,-0.494218899,0.18278751,,,
95693,95693,7037,0.130252324,0.587966489,,,
95827,95827,20666,-0.104270611,0.428027418,,,
95835,95835,40170,0.462052219,0.792840823,,,
92310,92310,9872,-1.539767262,0.000761615,,,
91784,91784,26090,0.540062851,0.8385377,,,
92335,92335,99306,-0.673192743,0.102817974,,,
92407,92407,68545,-0.538041165,0.162223915,,,
92354,92354,22050,-0.26813394,0.310738766,,,
92256,92256,3100,-0.254259371,0.325209444,,,
92120,92120,30550,0.507314203,0.824067022,,,
92130,92130,56134,0.758128322,0.92916984,,,
91911,91911,84026,-0.211806577,0.3541508,,,
92029,92029,19382,0.403983084,0.751713633,,,
91962,91962,2106,0.075428353,0.552170602,,,
94107,94107,31461,1.097773698,0.984006093,,,
94133,94133,26796,0.304981942,0.694592536,,,
95376,95376,55655,0.015638101,0.511043412,,,
95207,95207,52269,-0.447661218,0.204874334,,,
95204,95204,28667,-0.266717885,0.313785225,,,
95202,95202,6066,-1.517633101,0.001523229,,,
93422,93422,33466,0.24015304,0.652703732,,,
94061,94061,39023,0.541965817,0.840060929,,,
94027,94027,7415,1.271081002,0.996953542,,,
94080,94080,67600,0.477781553,0.804265042,,,
94066,94066,43101,0.60593198,0.867479056,,,
94044,94044,38984,0.737373601,0.926884996,,,
94014,94014,49170,0.370671277,0.731911653,,,
93436,93436,56323,-0.076288002,0.447067784,,,
93108,93108,10401,0.670032328,0.896420411,,,
93437,93437,3387,-0.403687558,0.230007616,,,
95037,95037,51994,0.545828755,0.841584158,,,
95008,95008,46352,0.646078903,0.887281036,,,
95134,95134,29349,0.679076781,0.902513328,,,
95139,95139,7363,0.574150485,0.854531607,,,
95065,95065,8491,0.58592492,0.862147753,,,
96013,96013,4819,-0.283880764,0.301599391,,,
96073,96073,3980,0.051564041,0.53541508,,,
96064,96064,4533,-0.383637202,0.24219345,,,
95492,95492,29271,0.434866461,0.770753998,,,
94928,94928,44323,0.235788639,0.650418888,,,
95363,95363,27908,-0.302142182,0.289413557,,,
95307,95307,46283,-0.469640733,0.196496573,,,
95355,95355,59621,-0.019678983,0.491241432,,,
95368,95368,14041,-0.120083715,0.417364813,,,
95991,95991,40861,-0.370443859,0.252856055,,,
95993,95993,37077,-0.083302016,0.44478294,,,
93277,93277,52271,-0.17280635,0.382330541,,,
93292,93292,42031,-0.306857966,0.287128713,,,
93286,93286,9906,-0.577550724,0.140898705,,,
93272,93272,4707,-0.989639,0.028941356,,,
93040,93040,1827,-0.607657476,0.127951257,,,
93060,93060,33773,-0.208958035,0.356435644,,,
93065,93065,71832,0.420877101,0.763137852,,,
91377,91377,13853,0.71037903,0.917745621,,,
94704,94704,29597,-0.204441151,0.361766946,,,
94552,94552,14938,0.828504838,0.946686976,,,
94578,94578,41865,-0.009155137,0.49581112,,,
94566,94566,45893,0.843845345,0.952779893,,,
94603,94603,35862,-0.41135551,0.226199543,,,
94612,94612,15785,0.309643274,0.69687738,,,
94706,94706,21218,0.843737249,0.952018279,,,
95642,95642,7101,-0.059812432,0.462300076,,,
95938,95938,4446,0.295755479,0.686214775,,,
95247,95247,4024,-0.049939233,0.469154608,,,
95912,95912,5380,-0.279425296,0.305407464,,,
94564,94564,19260,0.465348247,0.796648896,,,
95531,95531,23737,-0.567047333,0.149276466,,,
95684,95684,3129,-0.182640778,0.377760853,,,
95633,95633,4188,-0.291324148,0.294744859,,,
93662,93662,30725,-0.654070044,0.112718964,,,
93654,93654,30373,-0.539562478,0.1614623,,,
93710,93710,33448,-0.290574772,0.296268088,,,
93727,93727,84449,-0.568560205,0.147753237,,,
93730,93730,12770,0.447130634,0.782939832,,,
95988,95988,8298,-0.409381151,0.227722772,,,
95519,95519,19763,0.061757715,0.543792841,,,
95542,95542,1871,-0.352801774,0.26351866,,,
92231,92231,40064,-0.570817056,0.145468393,,,
93306,93306,72280,-0.550113194,0.156130998,,,
93312,93312,61628,0.128992615,0.58644326,,,
93285,93285,2477,-0.714453851,0.092155369,,,
93250,93250,16191,-1.019487356,0.024371668,,,
93225,93225,4782,-0.696883554,0.097486672,,,
93222,93222,1583,-0.489887768,0.185072353,,,
93212,93212,23357,-0.957638451,0.035034273,,,
93204,93204,12961,-0.93331302,0.036557502,,,
91501,91501,20511,-0.06819825,0.453922315,,,
91335,91335,81824,-0.256341494,0.320639756,,,
91801,91801,54768,-0.064921316,0.456968774,,,
91803,91803,29567,-0.101776433,0.432597106,,,
91201,91201,23281,-0.219807189,0.345773039,,,
91502,91502,10708,-0.174364987,0.381568926,,,
91401,91401,39755,-0.269965902,0.309977152,,,
91316,91316,30499,0.128823689,0.585681645,,,
91506,91506,18591,0.306815564,0.695354151,,,
90502,90502,17778,0.036391906,0.523229246,,,
90262,90262,70536,-0.698953759,0.095963442,,,
90703,90703,50589,0.303254653,0.693830922,,,
91744,91744,85421,-0.394460513,0.235338919,,,
90304,90304,25946,-0.584666829,0.137090632,,,
90802,90802,38962,-0.159345281,0.386900228,,,
90815,90815,41312,0.416800965,0.760091394,,,
91010,91010,26380,-0.022952422,0.488956588,,,
90302,90302,30017,-0.287173541,0.299314547,,,
90012,90012,36552,-0.426360334,0.220868241,,,
90014,90014,8688,-0.205896816,0.360243717,,,
91321,91321,34014,-0.077740071,0.446306169,,,
90280,90280,94642,-0.540191538,0.159939071,,,
91104,91104,37874,0.02763674,0.517136329,,,
91105,91105,12617,0.691562077,0.90936786,,,
91214,91214,30787,0.360194757,0.727341965,,,
91202,91202,23345,0.088378104,0.563594821,,,
91304,91304,54361,-0.040068115,0.476770754,,,
90042,90042,63193,-0.112007379,0.42498096,,,
90041,90041,29090,0.193662222,0.625285605,,,
90291,90291,26950,0.500137143,0.821782178,,,
90064,90064,25925,0.595252232,0.864432597,,,
90067,90067,2428,0.693445076,0.910129474,,,
90018,90018,53490,-0.553885812,0.153846154,,,
91345,91345,19145,-0.156200566,0.389946687,,,
90245,90245,16731,0.641680167,0.885757807,,,
90255,90255,75019,-0.656877176,0.109672506,,,
90270,90270,27287,-0.629059148,0.121096725,,,
90630,90630,49205,0.357954089,0.725057121,,,
90623,90623,15662,0.349233668,0.719725819,,,
93636,93636,13255,-0.223144009,0.343488195,,,
95311,95311,1893,-0.556752518,0.15156131,,,
95490,95490,12975,-0.400209562,0.233815689,,,
95482,95482,31482,-0.205622645,0.361005331,,,
95365,95365,4775,-0.659045175,0.108910891,,,
95076,95076,86905,-0.206222199,0.358720487,,,
93950,93950,15547,0.501901094,0.822543793,,,
94559,94559,27593,0.187945718,0.619954303,,,
95946,95946,8977,0.043093937,0.527798934,,,
92683,92683,91105,-0.060960438,0.460776847,,,
92626,92626,50605,0.343997117,0.714394516,,,
92679,92679,32657,0.840793444,0.95049505,,,
92832,92832,25837,-0.154457401,0.391469916,,,
92782,92782,23084,0.579239894,0.857578065,,,
95746,95746,23934,0.715219723,0.920030465,,,
92880,92880,69656,0.200466291,0.629855293,,,
92562,92562,64286,0.128757866,0.58492003,,,
92539,92539,4557,-0.781225178,0.075399848,,,
91752,91752,35694,-0.267102885,0.312261995,,,
92585,92585,21907,-0.309817857,0.284843869,,,
92553,92553,76102,-0.655269113,0.11195735,,,
92505,92505,53282,-0.28362662,0.302361005,,,
92508,92508,38428,0.193132445,0.624523991,,,
95838,95838,39053,-0.621805934,0.123381569,,,
95817,95817,13758,-0.012077036,0.493526276,,,
95815,95815,25673,-0.716332538,0.09063214,,,
95816,95816,17199,0.702387348,0.913937548,,,
95624,95624,65948,0.229838094,0.646610815,,,
94571,94571,10605,-0.147201771,0.396039604,,,
95742,95742,12472,0.404359452,0.753236862,,,
95621,95621,41740,0.068677884,0.549124143,,,
95825,95825,37473,-0.267007075,0.31302361,,,
95045,95045,4217,0.065706838,0.546839299,,,
92356,92356,6573,-0.916951934,0.040365575,,,
91730,91730,72407,-0.08984464,0.440974867,,,
91762,91762,61718,-0.336214926,0.269611577,,,
91763,91763,38863,-0.391378925,0.237623762,,,
91739,91739,39875,0.293237031,0.683929931,,,
92363,92363,5348,-0.629109516,0.12033511,,,
92411,92411,25650,-0.900981389,0.044173648,,,
92316,92316,28704,-0.514509718,0.174409749,,,
92391,92391,1959,-0.512080458,0.176694593,,,
92122,92122,48071,0.192850411,0.623762376,,,
92126,92126,82658,0.372986203,0.734196497,,,
91942,91942,40151,0.129877022,0.587204874,,,
91950,91950,62859,-0.419525885,0.22239147,,,
92007,92007,11417,0.498576573,0.817974105,,,
94118,94118,42095,0.960307229,0.967250571,,,
94116,94116,47346,0.854489393,0.955064737,,,
94123,94123,25890,1.297907356,0.997715156,,,
95209,95209,44980,-0.034651701,0.482102056,,,
95231,95231,5165,-0.927968434,0.038080731,,,
95337,95337,39177,-0.054384311,0.466108149,,,
95366,95366,17909,0.279036206,0.671744097,,,
93445,93445,7106,-0.13792869,0.405178979,,,
93453,93453,2578,0.17422782,0.611576542,,,
93465,93465,9202,0.356829847,0.723533892,,,
94063,94063,34867,-0.029598226,0.487433359,,,
94402,94402,25703,1.00492141,0.975628332,,,
94005,94005,4697,0.760848663,0.930693069,,,
95110,95110,19928,-0.068436001,0.453160701,,,
95070,95070,31196,0.977668967,0.969535415,,,
95131,95131,31236,0.478461322,0.806549886,,,
95054,95054,24524,0.72383928,0.922315308,,,
94089,94089,22882,0.524847286,0.831683168,,,
95005,95005,7661,0.494145973,0.815689261,,,
95006,95006,9632,0.426085659,0.765422696,,,
95066,95066,15341,0.708208865,0.916222391,,,
96088,96088,4690,-0.257757586,0.319116527,,,
96022,96022,16253,-0.262132929,0.316070069,,,
96027,96027,2327,-0.168367611,0.38385377,,,
94591,94591,55157,0.098001789,0.56664128,,,
95694,95694,10495,0.188094218,0.620715918,,,
95382,95382,38700,0.034165024,0.522467631,,,
95316,95316,7022,0.045567178,0.529322163,,,
95386,95386,10557,-0.310796375,0.284082254,,,
96041,96041,2934,-0.982901215,0.032749429,,,
93291,93291,59270,-0.429650125,0.217821782,,,
93271,93271,2479,-0.214629994,0.353389185,,,
93003,93003,51629,0.207422611,0.634424981,,,
93041,93041,24208,-0.354862142,0.262757045,,,
94609,94609,23726,0.62373414,0.87814166,,,
94606,94606,38220,0.000620761,0.502665651,,,
94702,94702,16860,0.677214698,0.89946687,,,
94539,94539,54982,0.790439918,0.936785986,,,
94588,94588,37253,0.876236692,0.957349581,,,
94568,94568,55608,0.651895994,0.88956588,,,
94610,94610,31936,0.991490849,0.974105103,,,
94707,94707,11767,1.334633489,0.999238385,,,
95685,95685,4665,-0.154673277,0.390708302,,,
95666,95666,5164,-0.344664605,0.266565118,,,
95966,95966,29860,-0.507585008,0.178217822,,,
95965,95965,20498,-0.697428595,0.096725057,,,
95973,95973,36682,0.151666321,0.600152323,,,
95987,95987,5950,-0.216364212,0.349581112,,,
94582,94582,42576,0.890135811,0.961919269,,,
94521,94521,43281,0.560348472,0.849961919,,,
95726,95726,8449,-0.016751511,0.492003046,,,
95709,95709,5498,0.122192989,0.580350343,,,
95623,95623,3665,0.28073643,0.674028941,,,
93631,93631,16282,-0.193290004,0.370906321,,,
93651,93651,1798,0.031932608,0.520944402,,,
93602,93602,3530,-0.112840578,0.42345773,,,
93711,93711,38007,0.219277732,0.639756283,,,
93722,93722,84621,-0.3733937,0.249809596,,,
93626,93626,2427,0.055294177,0.537699924,,,
92004,92004,2299,-0.686683805,0.099009901,,,
92273,92273,2010,-0.723796904,0.087585682,,,
93514,93514,14175,0.21354495,0.636709825,,,
93309,93309,58538,-0.43560361,0.21249048,,,
93313,93313,55221,-0.303035677,0.288651942,,,
93206,93206,1704,-0.736514417,0.083015994,,,
95423,95423,3751,-0.495449113,0.182025895,,,
95457,95457,3227,-0.540544652,0.159177456,,,
91775,91775,25004,0.18460625,0.618431074,,,
91364,91364,27971,0.349746198,0.720487433,,,
90746,90746,27075,0.136712641,0.592536177,,,
90061,90061,27873,-0.913186927,0.041888804,,,
91745,91745,55202,0.060648917,0.542269612,,,
90044,90044,99443,-0.910949374,0.043412034,,,
90808,90808,39330,0.525697184,0.832444783,,,
90031,90031,39916,-0.473265243,0.194211729,,,
90211,90211,8019,0.5519257,0.844630617,,,
90048,90048,21489,0.5812405,0.859862909,,,
90057,90057,50152,-0.810017259,0.063975628,,,
90036,90036,37965,0.436750641,0.773038842,,,
90710,90710,28045,-0.157951376,0.388423458,,,
90717,90717,21508,0.215463443,0.638233054,,,
90670,90670,16700,-0.230834726,0.340441736,,,
91101,91101,21395,0.128004606,0.584158416,,,
91011,91011,20301,0.759497066,0.929931455,,,
91403,91403,25156,0.510435116,0.824828637,,,
91207,91207,11031,0.202117495,0.631378522,,,
91331,91331,105458,-0.552596387,0.154607768,,,
91325,91325,34575,-0.066924521,0.45468393,,,
90077,90077,8382,0.739664971,0.927646611,,,
90731,90731,60659,-0.362520377,0.258187357,,,
90066,90066,59167,0.268019403,0.66717441,,,
90007,90007,42433,-1.063991385,0.016755522,,,
90807,90807,32202,0.206788033,0.632901752,,,
90011,90011,111165,-1.0223089,0.022848439,,,
90063,90063,53980,-0.579668725,0.140137091,,,
91342,91342,94595,-0.250498638,0.329017517,,,
91042,91042,26966,-0.256215668,0.321401371,,,
93543,93543,14392,-0.755097367,0.079969535,,,
93553,93553,1709,-0.702783017,0.094440213,,,
90040,90040,12328,-0.570621114,0.146230008,,,
91007,91007,34116,0.195904338,0.628332064,,,
90604,90604,42911,-0.177901659,0.380045697,,,
90660,90660,63001,-0.381872788,0.242955065,,,
90631,90631,69064,0.061402656,0.543031226,,,
93601,93601,1674,-0.139776958,0.402132521,,,
94947,94947,25867,0.569697955,0.853769992,,,
94952,94952,35503,0.466011122,0.79741051,,,
95334,95334,17057,-0.293474894,0.292460015,,,
95388,95388,14116,-0.63666833,0.118811881,,,
95360,95360,13278,-0.4097211,0.226961158,,,
95380,95380,42866,-0.438625877,0.210967251,,,
95324,95324,8380,-0.184482559,0.375476009,,,
93546,93546,9591,0.251272118,0.658035034,,,
93960,93960,26966,-0.496585412,0.18126428,,,
93926,93926,9171,-0.4404508,0.209444021,,,
95012,95012,10780,-0.360502616,0.258948972,,,
94558,94558,68315,0.342730951,0.713632902,,,
94515,94515,7491,0.415110828,0.758568165,,,
92868,92868,27072,-0.089294311,0.442498096,,,
92808,92808,20483,0.650725234,0.888804265,,,
92604,92604,28990,0.391063368,0.744097487,,,
92618,92618,48997,0.445452522,0.781416603,,,
92630,92630,59403,0.434939225,0.771515613,,,
92653,92653,30012,0.464620607,0.795887281,,,
92780,92780,59499,0.086241881,0.562833206,,,
92657,92657,9802,1.021705769,0.978674791,,,
96145,96145,2147,0.574404116,0.855293222,,,
92262,92262,28618,-0.277755288,0.306169078,,,
92270,92270,18193,-0.034214142,0.482863671,,,
92253,92253,40929,0.004332908,0.504950495,,,
92236,92236,45477,-0.650779963,0.113480579,,,
92555,92555,44452,-0.056019756,0.46458492,,,
92536,92536,3076,-0.607642456,0.128712871,,,
92570,92570,60686,-0.669829013,0.106626047,,,
92220,92220,33525,-0.637801476,0.117288652,,,
92277,92277,23172,-0.816393386,0.061690784,,,
95758,95758,65811,0.236026962,0.651180503,,,
95690,95690,2215,-0.191862603,0.372429551,,,
95829,95829,28264,0.146075195,0.597105864,,,
95821,95821,35812,-0.263408616,0.315308454,,,
95683,95683,6326,0.499856435,0.820258949,,,
95023,95023,53423,0.030800837,0.519421173,,,
92395,92395,43908,-0.710083482,0.092916984,,,
92308,92308,42207,-0.380797609,0.244478294,,,
92371,92371,18269,-0.672177761,0.105102818,,,
92382,92382,4462,-0.217465512,0.346534653,,,
92284,92284,26182,-0.514308989,0.175171363,,,
92285,92285,2430,-0.864555285,0.051789794,,,
92404,92404,62915,-0.786308477,0.071591775,,,
92352,92352,5578,-0.435525861,0.213252094,,,
92064,92064,49805,0.444799247,0.780654989,,,
92025,92025,52985,-0.257382126,0.319878142,,,
92124,92124,32600,0.178722675,0.613099772,,,
91941,91941,31918,0.180594289,0.615384615,,,
91902,91902,18896,0.312277907,0.699162224,,,
92061,92061,2660,-0.301086984,0.290175171,,,
92036,92036,2593,-0.647975472,0.115003808,,,
92008,92008,27151,0.495509097,0.81721249,,,
92081,92081,29596,0.178748739,0.613861386,,,
94132,94132,31436,0.427686027,0.766945925,,,
94158,94158,8455,1.042638555,0.98019802,,,
94103,94103,30703,0.416447631,0.759329779,,,
94122,94122,62128,0.838722487,0.94897182,,,
95212,95212,29426,-0.036780546,0.479055598,,,
95330,95330,22760,-0.20232585,0.36405179,,,
93402,93402,16562,0.332629331,0.709063214,,,
93454,93454,40432,-0.274987447,0.306930693,,,
94403,94403,44408,0.850815903,0.954303123,,,
93440,93440,1659,0.316942325,0.702970297,,,
93110,93110,16849,0.29176467,0.683168317,,,
93434,93434,7451,-0.475845773,0.1926885,,,
93101,93101,31371,0.164512826,0.60624524,,,
95032,95032,26047,0.87822548,0.958111196,,,
95112,95112,62228,0.079565623,0.557501904,,,
95035,95035,79655,0.460560662,0.791317593,,,
95126,95126,36206,0.477318403,0.803503427,,,
95113,95113,2107,0.437884338,0.774562072,,,
94022,94022,19406,1.171975279,0.991622239,,,
95003,95003,25185,0.551698327,0.843869002,,,
95010,95010,8856,0.456735885,0.789794364,,,
96094,96094,6611,-0.170051209,0.383092155,,,
94510,94510,28350,0.623873209,0.87966489,,,
95446,95446,5168,0.010565597,0.508758568,,,
95442,95442,3213,0.558261873,0.847677075,,,
94931,94931,8926,0.287371117,0.680883473,,,
95436,95436,6240,0.141166579,0.594821021,,,
95357,95357,11765,-0.304639036,0.287890327,,,
95356,95356,32622,-0.010464438,0.49428789,,,
95953,95953,10925,-0.37858728,0.247524752,,,
95982,95982,3259,0.083658433,0.561309977,,,
93257,93257,76519,-0.784317331,0.073876618,,,
93247,93247,18234,-0.829415245,0.057121097,,,
93021,93021,38581,0.432208727,0.769992384,,,
91320,91320,44968,0.622365802,0.877380046,,,
91360,91360,43121,0.416957793,0.760853008,,,
93035,93035,29354,0.098211562,0.568164509,,,
95937,95937,1540,-0.326541222,0.274181264,,,
94544,94544,79747,0.054475373,0.536938309,,,
94545,94545,32724,0.224960002,0.642041127,,,
94618,94618,17252,1.250021418,0.995430312,,,
95665,95665,4303,-0.095016297,0.437166794,,,
94565,94565,97671,-0.151424091,0.39375476,,,
94519,94519,20041,0.338088532,0.712109673,,,
95667,95667,36487,0.136733979,0.593297791,,,
96150,96150,29327,-0.062192214,0.459253618,,,
93657,93657,35666,-0.340643539,0.268849962,,,
93720,93720,47081,0.288732703,0.681645088,,,
95540,95540,14196,-0.21739772,0.347296268,,,
95562,95562,3401,-0.288286171,0.297791318,,,
95573,95573,1568,-0.451177995,0.20258949,,,
95521,95521,21068,0.127382961,0.583396801,,,
92249,92249,7861,-0.664526267,0.107387662,,,
92225,92225,22460,-0.5739943,0.143183549,,,
93301,93301,12325,-0.856956241,0.053313024,,,
93304,93304,49115,-0.869072467,0.050266565,,,
93501,93501,4802,-1.138440537,0.012185834,,,
93241,93241,16397,-1.051363024,0.019040366,,,
93283,93283,2261,-0.816946643,0.06092917,,,
93243,93243,1532,-0.473156687,0.194973343,,,
93230,93230,67605,-0.372466343,0.251332826,,,
95469,95469,1911,-0.197998082,0.367098248,,,
96137,96137,3252,-0.346721802,0.265041889,,,
91776,91776,38664,-0.221243074,0.345011424,,,
90745,90745,56930,-0.001411544,0.501142422,,,
90601,90601,32053,-0.021639108,0.490479817,,,
90247,90247,48293,-0.358608156,0.260472201,,,
90260,90260,34827,-0.176844049,0.380807312,,,
90806,90806,41990,-0.48916704,0.185833968,,,
90222,90222,33200,-0.763251259,0.077684692,,,
90813,90813,58380,-0.830107806,0.056359482,,,
90272,90272,21629,0.972697032,0.9687738,,,
90025,90025,46883,0.299422141,0.689261234,,,
90017,90017,27723,-0.920258792,0.038842346,,,
90038,90038,28580,-0.439470078,0.210205636,,,
90046,90046,50900,0.345529746,0.715156131,,,
90029,90029,36668,-0.442520143,0.207920792,,,
91204,91204,18723,-0.502159585,0.178979436,,,
91436,91436,15292,0.660065788,0.894135567,,,
90027,90027,44770,0.152725629,0.601675552,,,
90021,90021,2945,-0.647054529,0.116527037,,,
90715,90715,20256,-0.062500714,0.458492003,,,
90212,90212,13314,0.548175027,0.842345773,,,
93510,93510,7644,-0.052539445,0.467631379,,,
90254,90254,19539,0.911221688,0.964965727,,,
90603,90603,21584,0.348309442,0.718964204,,,
93610,93610,22724,-0.539807912,0.160700685,,,
94965,94965,11394,0.89766869,0.963442498,,,
94941,94941,32009,1.193871327,0.992383854,,,
95338,95338,10827,-0.23369643,0.337395278,,,
95329,95329,2570,-0.401788104,0.230769231,,,
95445,95445,2257,-0.124057439,0.414318355,,,
95454,95454,2107,-0.554935802,0.152322925,,,
95374,95374,1682,-0.572792198,0.144706778,,,
93908,93908,12398,0.652746517,0.890327494,,,
93927,93927,18812,-0.60392997,0.129474486,,,
93930,93930,17067,-0.60835796,0.127189642,,,
93905,93905,60531,-0.783423058,0.074638233,,,
95959,95959,18343,0.139147946,0.594059406,,,
95975,95975,1877,-0.090212742,0.440213252,,,
95945,95945,25381,-0.070714939,0.451637471,,,
95949,95949,21036,0.234242143,0.648134044,,,
90680,90680,30531,-0.167988104,0.384615385,,,
92802,92802,42016,-0.314404808,0.282559025,,,
92660,92660,35446,0.678568643,0.901751714,,,
92606,92606,26171,0.411761878,0.756283321,,,
92708,92708,56953,0.286146917,0.678598629,,,
92675,92675,38803,0.228050219,0.645087586,,,
92691,92691,50839,0.602745254,0.866717441,,,
92676,92676,2068,0.302110292,0.692307692,,,
92804,92804,89915,-0.210056919,0.354912414,,,
92705,92705,47298,0.347962034,0.718202589,,,
92603,92603,19558,0.682479902,0.904798172,,,
92823,92823,4872,0.607897425,0.86824067,,,
92661,92661,3445,0.04873662,0.532368621,,,
95747,95747,66931,0.404093852,0.752475248,,,
95658,95658,6837,0.428593982,0.769230769,,,
95631,95631,6851,0.188643968,0.621477532,,,
92592,92592,84930,0.201873577,0.630616908,,,
92860,92860,26849,0.103465888,0.571210967,,,
92548,92548,7859,-0.551854793,0.155369383,,,
92567,92567,10648,-0.37015849,0.253617669,,,
95820,95820,36437,-0.430152398,0.217060168,,,
95819,95819,19890,0.815737036,0.945163747,,,
95610,95610,46305,0.058269822,0.539984768,,,
95822,95822,44741,-0.053091484,0.466869764,,,
95630,95630,78159,0.65735003,0.893373953,,,
95670,95670,55558,0.004819816,0.50571211,,,
95628,95628,40855,0.437899546,0.775323686,,,
92392,92392,58393,-0.448834074,0.204112719,,,
92336,92336,98346,-0.04516083,0.472201066,,,
93562,93562,1771,-0.671395504,0.105864433,,,
92252,92252,9351,-0.723872588,0.086824067,,,
92405,92405,30112,-0.865492021,0.05102818,,,
92065,92065,37505,0.193973572,0.62604722,,,
92119,92119,24831,0.525876381,0.833206398,,,
92107,92107,31223,0.498576633,0.81873572,,,
92082,92082,18705,0.07860298,0.55521706,,,
91932,91932,26492,-0.314822319,0.281797411,,,
91916,91916,1939,-0.05175212,0.468392993,,,
91914,91914,17379,0.388498911,0.739527799,,,
92105,92105,73623,-0.5285025,0.166031988,,,
92083,92083,39509,-0.094849654,0.438690023,,,
92114,92114,68851,-0.232579495,0.338156893,,,
94115,94115,34604,0.798740761,0.940594059,,,
94109,94109,57302,0.482915239,0.811119573,,,
94111,94111,3611,0.473731505,0.801980198,,,
94121,94121,43616,0.769895552,0.932216299,,,
95215,95215,24326,-0.634217473,0.119573496,,,
95203,95203,15487,-0.808501393,0.064737243,,,
95258,95258,3599,0.346942152,0.71667936,,,
95237,95237,3639,-0.193503567,0.370144707,,,
93449,93449,8180,0.437769113,0.773800457,,,
93442,93442,10917,0.19573899,0.627570449,,,
93444,93444,21331,0.036958172,0.523990861,,,
94002,94002,27155,0.93259201,0.965727342,,,
94028,94028,7125,1.165268951,0.990860625,,,
93111,93111,17329,0.526042366,0.833968012,,,
93001,93001,32396,-0.036165332,0.480578827,,,
95135,95135,22015,0.798518028,0.939832445,,,
95111,95111,61830,-0.060523076,0.461538462,,,
94086,94086,50477,0.673131772,0.897943641,,,
95118,95118,32421,0.562003166,0.850723534,,,
94024,94024,23675,1.22724135,0.993907083,,,
95116,95116,55825,-0.240177688,0.333587205,,,
95018,95018,6841,0.585240419,0.861386139,,,
96007,96007,23228,-0.313777877,0.28332064,,,
96002,96002,34196,-0.128696518,0.412033511,,,
96032,96032,2653,-0.32653882,0.274942879,,,
95688,95688,37260,0.219384631,0.640517898,,,
95620,95620,21954,0.098132735,0.567402894,,,
94954,94954,38763,0.502667375,0.823305407,,,
95404,95404,40497,0.335010888,0.710586443,,,
95401,95401,38839,0.125357678,0.581873572,,,
95328,95328,4480,-0.491397826,0.184310739,,,
95358,95358,32524,-0.547565071,0.157654227,,,
96080,96080,29139,-0.398443731,0.234577304,,,
96093,96093,3570,-0.114045564,0.422696116,,,
95327,95327,7918,-0.25549643,0.322162986,,,
95310,95310,1874,-0.325134104,0.276466108,,,
93063,93063,56458,0.383427702,0.73800457,,,
95961,95961,28489,-0.415686993,0.223153085,,,
95918,95918,2915,0.017767958,0.512566641,,,
94708,94708,11394,1.253620409,0.996191927,,,
94555,94555,38478,0.698686176,0.913175933,,,
95377,95377,32091,0.327922964,0.70677837,,,
94607,94607,26823,0.044854676,0.528560548,,,
94611,94611,38975,1.028272338,0.979436405,,,
94621,94621,35035,-0.67290101,0.103579589,,,
94608,94608,31013,0.482575368,0.810357959,,,
95954,95954,12371,-0.255173902,0.323686215,,,
94517,94517,13687,0.850012415,0.953541508,,,
94563,94563,19644,1.2259619,0.993145468,,,
94518,94518,28734,0.457505258,0.790555979,,,
94805,94805,14188,0.477912155,0.805026657,,,
94520,94520,38753,-0.062020847,0.460015232,,,
95664,95664,1603,0.286112737,0.677837014,,,
95614,95614,4359,0.258995797,0.661081493,,,
95762,95762,43052,0.685140931,0.905559787,,,
95682,95682,30314,0.326691804,0.706016756,,,
95619,95619,5718,0.042419017,0.527037319,,,
93725,93725,27214,-0.674429578,0.102056359,,,
93705,93705,36808,-0.716564682,0.089870526,,,
93702,93702,43601,-1.183413575,0.010662605,,,
93704,93704,29740,-0.260020618,0.317593298,,,
93726,93726,42824,-0.685514305,0.099771516,,,
93723,93723,13936,-0.394255983,0.236100533,,,
95501,95501,23324,-0.143582098,0.398324448,,,
92281,92281,2591,-0.820884028,0.060167555,,,
92275,92275,2632,-0.971339185,0.033511043,,,
93545,93545,1821,-0.036690811,0.479817212,,,
93314,93314,28963,0.103822368,0.571972582,,,
93249,93249,1875,-1.013228695,0.025894897,,,
95451,95451,11603,-0.160988346,0.385376999,,,
96114,96114,3267,-0.159666444,0.386138614,,,
91605,91605,53113,-0.483711251,0.188880427,,,
91367,91367,45970,0.29813377,0.687738005,,,
93534,93534,39367,-0.806744146,0.065498858,,,
93532,93532,2683,-0.21629213,0.350342727,,,
93552,93552,39905,-0.432239116,0.214013709,,,
90810,90810,37251,-0.356573945,0.261233816,,,
90650,90650,105304,-0.226384653,0.34272658,,,
91748,91748,47079,-0.139347099,0.40365575,,,
91724,91724,26717,0.018526563,0.513328256,,,
91722,91722,34631,0.04706794,0.531607007,,,
90803,90803,32126,0.574714989,0.856054836,,,
90755,90755,11545,0.07893301,0.555978675,,,
90723,90723,54513,-0.475901164,0.191926885,,,
90020,90020,39189,-0.32686475,0.27341965,,,
90019,90019,64534,-0.206179911,0.359482102,,,
91390,91390,19168,0.499392466,0.819497334,,,
91381,91381,19390,0.444612685,0.779893374,,,
90275,90275,42146,0.655045246,0.892612338,,,
91423,91423,33172,0.485782384,0.811881188,,,
91206,91206,34739,-0.044320563,0.472962681,,,
90045,90045,40567,0.463425067,0.794364052,,,
90028,90028,29774,-0.383934008,0.241431835,,,
90230,90230,32687,0.440903639,0.776846915,,,
91351,91351,32711,0.022026368,0.514851485,,,
91354,91354,32544,0.511914332,0.825590251,,,
90043,90043,45873,-0.401709373,0.23229246,,,
90002,90002,53302,-1.016529005,0.025133283,,,
90005,90005,39732,-0.526473258,0.169078446,,,
90277,90277,34827,0.732779181,0.923838538,,,
91780,91780,35133,0.09470519,0.56511805,,,
93637,93637,41108,-0.298600507,0.291698401,,,
94920,94920,12740,1.244887914,0.994668698,,,
94903,94903,30427,0.710881424,0.918507235,,,
94904,94904,12994,1.128618491,0.987052551,,,
95437,95437,14859,-0.128085947,0.41355674,,,
95322,95322,10373,-0.50853638,0.177456207,,,
95341,95341,33090,-0.791107505,0.070068545,,,
96101,96101,5262,-0.521176915,0.170601676,,,
93920,93920,1545,0.20893661,0.635186596,,,
93426,93426,1568,-0.445567593,0.206397563,,,
92703,92703,69112,-0.465310265,0.198019802,,,
92869,92869,36846,0.385109036,0.738766184,,,
92805,92805,74478,-0.344051847,0.267326733,,,
92612,92612,33234,0.066152868,0.547600914,,,
92656,92656,52268,0.61961928,0.873571973,,,
92677,92677,66314,0.556818467,0.846915461,,,
92806,92806,39442,-0.073462711,0.450114242,,,
90621,90621,35598,-0.148837099,0.395277989,,,
90620,90620,46414,0.133296754,0.591012947,,,
92801,92801,66594,-0.254585358,0.324447829,,,
92704,92704,88321,-0.239535072,0.334348819,,,
92625,92625,12394,0.862994798,0.956587966,,,
92617,92617,17197,-0.141847914,0.401370906,,,
95603,95603,29474,0.229720669,0.6458492,,,
95650,95650,14808,0.489336267,0.813404417,,,
95971,95971,5924,-0.06565492,0.455445545,,,
92260,92260,34660,-0.087676999,0.443259711,,,
92203,92203,31140,0.014525649,0.510281797,,,
92883,92883,35933,0.177727084,0.612338157,,,
92582,92582,17219,-0.355125258,0.26199543,,,
92590,92590,5154,-0.097839244,0.43488195,,,
92276,92276,6748,-0.896817563,0.044935263,,,
92503,92503,95551,-0.291920885,0.293983244,,,
92504,92504,59896,-0.26785699,0.311500381,,,
92230,92230,2705,-1.065385816,0.015993907,,,
92320,92320,8753,-0.033698433,0.483625286,,,
92501,92501,21590,-0.299832155,0.290936786,,,
92557,92557,53406,-0.253307524,0.325971059,,,
92586,92586,19472,-0.24512836,0.330540746,,,
95832,95832,12114,-0.4800321,0.190403656,,,
95811,95811,6294,-0.089765515,0.441736481,,,
95660,95660,35461,-0.426410087,0.220106626,,,
95833,95833,39905,-0.039103029,0.477532369,,,
95608,95608,62539,0.164597632,0.607006855,,,
95826,95826,39145,0.146016426,0.59634425,,,
95638,95638,2126,-0.048200977,0.469916222,,,
92301,92301,34250,-1.003234683,0.027418126,,,
92307,92307,39149,-0.28140932,0.303884235,,,
92342,92342,6737,-0.367742285,0.255140899,,,
92372,92372,6071,-0.686815694,0.098248286,,,
92315,92315,5247,0.018932937,0.514089871,,,
92365,92365,2733,-0.738627308,0.082254379,,,
91710,91710,91773,-0.057478436,0.463061691,,,
92359,92359,9170,-0.043391234,0.473724296,,,
92346,92346,63857,-0.249066737,0.329779132,,,
92401,92401,2257,-1.253938845,0.005331302,,,
91915,91915,33485,0.203277256,0.632140137,,,
92121,92121,4729,0.635138068,0.881949733,,,
92128,92128,51357,0.623867537,0.878903275,,,
92024,92024,51381,0.614400981,0.871287129,,,
92118,92118,22548,0.372886471,0.733434882,,,
92110,92110,30108,0.146135253,0.597867479,,,
92127,92127,49935,0.631154987,0.880426504,,,
92101,92101,41159,0.115246517,0.57501904,,,
92027,92027,56788,-0.130475487,0.409748667,,,
92139,92139,36105,-0.103815566,0.428789033,,,
92011,92011,24144,0.677437865,0.900228484,,,
92057,92057,60414,0.081301417,0.558263519,,,
92086,92086,1543,-0.484211317,0.188118812,,,
94117,94117,44650,0.987115918,0.971058644,,,
94105,94105,10916,1.698816947,1,,,
95210,95210,41509,-0.59296553,0.132520944,,,
95336,95336,47855,-0.342454157,0.268088347,,,
93432,93432,1503,0.279659591,0.672505712,,,
93458,93458,57256,-0.61384098,0.125666413,,,
94025,94025,43392,0.78269257,0.934501142,,,
94404,94404,36985,0.890552961,0.962680883,,,
94401,94401,36001,0.358885171,0.72658035,,,
94037,94037,2504,0.609812152,0.869383092,,,
93117,93117,58546,0.042182094,0.526275704,,,
95020,95020,64833,0.180338823,0.614623001,,,
95132,95132,41790,0.449677123,0.785224676,,,
95051,95051,59851,0.594484252,0.863670982,,,
95125,95125,53155,0.67783819,0.900990099,,,
95050,95050,38699,0.394919885,0.747143945,,,
94040,94040,36526,0.791139103,0.937547601,,,
95002,95002,2348,0.082979175,0.560548363,,,
95130,95130,14660,0.644338672,0.886519421,,,
95062,95062,36737,0.267479119,0.665651181,,,
95019,95019,7368,-0.123559277,0.41507997,,,
94533,94533,75909,-0.123136295,0.415841584,,,
94535,94535,3842,-0.815037682,0.062452399,,,
94534,94534,39239,0.55062988,0.843107388,,,
94585,94585,29525,0.010252873,0.507996954,,,
95421,95421,1808,0.062582388,0.544554455,,,
95472,95472,30736,0.424828017,0.763899467,,,
95692,95692,5251,-0.134129815,0.408225438,,,
96021,96021,16017,-0.44600937,0.205635948,,,
93219,93219,10285,-1.192140977,0.00990099,,,
93256,93256,5431,-1.268501624,0.004569688,,,
93647,93647,11407,-0.988224246,0.02970297,,,
93270,93270,5367,-1.00798846,0.026656512,,,
93267,93267,6788,-0.996307789,0.028179741,,,
93235,93235,4215,-0.655599198,0.111195735,,,
93023,93023,19895,0.340385402,0.712871287,,,
95695,95695,41278,0.00738417,0.507235339,,,
95776,95776,23911,0.104369324,0.572734196,,,
94619,94619,24112,0.454877969,0.789032749,,,
94710,94710,7893,0.378219296,0.737242955,,,
94577,94577,47682,0.321397855,0.705255141,,,
94542,94542,14699,0.482139089,0.809596344,,,
94579,94579,21883,0.347073467,0.717440975,,,
94550,94550,50374,0.669402329,0.895658797,,,
94551,94551,47227,0.553367374,0.845392232,,,
95391,95391,20131,0.311620657,0.698400609,,,
95223,95223,2666,-0.091666714,0.439451637,,,
95928,95928,37735,-0.11543403,0.421934501,,,
95926,95926,40000,-0.028411034,0.488194973,,,
95249,95249,5444,-0.554364148,0.153084539,,,
94507,94507,15105,1.062810877,0.981721249,,,
94513,94513,64313,0.355248709,0.722772277,,,
94561,94561,42473,0.13088295,0.589489718,,,
94511,94511,2161,-0.223031045,0.34424981,,,
94509,94509,68166,-0.258312783,0.318354912,,,
94531,94531,43022,0.25408267,0.659558264,,,
94556,94556,16428,1.067367482,0.982482864,,,
94526,94526,33135,0.887600386,0.96039604,,,
94525,94525,3290,0.306840963,0.696115765,,,
95672,95672,5266,0.486262039,0.812642803,,,
95634,95634,3559,-0.272295598,0.308453922,,,
93625,93625,8059,-0.358766221,0.259710586,,,
93210,93210,18336,-0.369141054,0.254379284,,,
93667,93667,2405,0.028689743,0.517897944,,,
93650,93650,3173,-0.4504702,0.203351104,,,
93648,93648,16087,-0.881015122,0.04950495,,,
92227,92227,27189,-0.743265014,0.081492765,,,
92274,92274,15317,-0.987397017,0.030464585,,,
92283,92283,1684,-1.388728123,0.003046458,,,
93560,93560,21756,-0.412533546,0.224676314,,,
93268,93268,18731,-0.814675583,0.063214014,,,
93555,93555,33833,-0.129291924,0.410510282,,,
93240,93240,6327,-0.882173691,0.048743336,,,
93205,93205,2030,-0.928988831,0.037319117,,,
93215,93215,54958,-0.720482123,0.088347296,,,
93252,93252,2488,-0.83259645,0.055597867,,,
93280,93280,28138,-0.85776121,0.052551409,,,
95464,95464,2505,-0.518580207,0.172886519,,,
95422,95422,15696,-0.884708301,0.047220107,,,
91411,91411,26111,-0.230842745,0.339680122,,,
91307,91307,26341,0.427404025,0.766184311,,,
93591,93591,6744,-0.913960664,0.04112719,,,
93551,93551,50601,0.045653911,0.530083778,,,
91361,91361,20258,0.732395539,0.923076923,,,
90220,90220,52817,-0.585799208,0.136329018,,,
90248,90248,11607,0.026422078,0.5156131,,,
90501,90501,41975,-0.022393078,0.489718203,,,
90706,90706,77195,-0.261612409,0.316831683,,,
90240,90240,26413,0.104831322,0.573495811,,,
91750,91750,34129,0.17135461,0.609291698,,,
91768,91768,35191,-0.548345811,0.156892612,,,
91711,91711,36777,0.39933041,0.749428789,,,
91766,91766,72348,-0.519994719,0.17136329,,,
91746,91746,29709,-0.385587006,0.240670221,,,
90047,90047,51411,-0.534486747,0.163747144,,,
90305,90305,15042,0.166739261,0.608530084,,,
90804,90804,39239,-0.279501276,0.304645849,,,
90024,90024,51627,-0.102151298,0.431073877,,,
90026,90026,68906,-0.150032575,0.394516375,,,
90049,90049,36418,0.793634268,0.93907083,,,
90035,90035,27272,0.333603126,0.709824829,,,
90039,90039,29510,0.266300982,0.663366337,,,
90274,90274,25061,0.828336328,0.945925362,,,
91106,91106,25543,0.319673308,0.703731912,,,
91103,91103,27659,-0.191634266,0.37395278,,,
91107,91107,32503,0.446351844,0.782178218,,,
91020,91020,8633,0.234391849,0.648895659,,,
91602,91602,19672,0.285043619,0.6770754,,,
91607,91607,30611,0.147986719,0.598629094,,,
91324,91324,29670,-0.042279398,0.475247525,,,
90232,90232,14780,0.517314553,0.827875095,,,
90015,90015,22651,-0.662300924,0.108149276,,,
90008,90008,31754,-0.371822274,0.25209444,,,
90001,90001,59832,-0.889652633,0.046458492,,,
91344,91344,53613,0.154707101,0.603198781,,,
91340,91340,36156,-0.444656001,0.207159177,,,
90405,90405,28156,0.621762072,0.876618431,,,
90404,90404,22929,0.284227413,0.676313785,,,
90401,90401,7111,0.295029705,0.685453161,,,
90278,90278,40252,0.681653514,0.904036558,,,
90022,90022,67014,-0.600439281,0.130236101,,,
90201,90201,101965,-0.676272971,0.10053313,,,
90505,90505,37220,0.515016426,0.827113481,,,
90503,90503,44605,0.401024697,0.750190404,,,
90605,90605,40192,-0.287893024,0.298552932,,,
91024,91024,10932,0.618395007,0.872810358,,,
93638,93638,49932,-0.7148005,0.091393755,,,
93643,93643,2783,-0.103079306,0.429550647,,,
94945,94945,19043,0.650260096,0.88804265,,,
95321,95321,3541,0.046847669,0.530845392,,,
95340,95340,35827,-0.317166881,0.280274181,,,
95333,95333,2539,-0.476739764,0.19116527,,,
93940,93940,32236,0.390855162,0.743335872,,,
93955,93955,34566,-0.130682358,0.408987053,,,
93933,93933,25442,0.058422427,0.540746382,,,
94589,94589,31536,-0.215110459,0.35262757,,,
95602,95602,17557,0.239220253,0.651942117,,,
92833,92833,52435,0.151668897,0.600913938,,,
92867,92867,44655,0.247204934,0.65575019,,,
92706,92706,35748,-0.216175726,0.351104341,,,
92627,92627,63161,0.12479139,0.581111957,,,
92620,92620,52569,0.490162391,0.814166032,,,
92646,92646,55870,0.52023241,0.830159939,,,
92655,92655,8382,-0.230426399,0.341203351,,,
92672,92672,34218,0.312917776,0.700685453,,,
92688,92688,44832,0.598575529,0.865955826,,,
92694,92694,29570,0.786755908,0.936024372,,,
92886,92886,50784,0.61722264,0.872048743,,,
92831,92831,37359,0.074661117,0.551408987,,,
92707,92707,60831,-0.233821873,0.336633663,,,
92648,92648,46228,0.44426657,0.778370145,,,
92651,92651,24800,0.69424694,0.910891089,,,
95713,95713,10472,0.053631217,0.536176695,,,
96143,96143,3585,-0.791333908,0.069306931,,,
95661,95661,31315,0.313444058,0.701447068,,,
92254,92254,9779,-1.131755057,0.012947449,,,
92241,92241,7699,-0.776519832,0.076161462,,,
92532,92532,25923,-0.142274822,0.399847677,,,
92545,92545,41879,-0.458592092,0.199543031,,,
92596,92596,32256,0.056996308,0.539223153,,,
92563,92563,69469,0.092204888,0.564356436,,,
92506,92506,46241,0.145141237,0.595582635,,,
92551,92551,34011,-0.401750082,0.231530845,,,
92571,92571,57622,-0.515189011,0.173648134,,,
95834,95834,30076,-0.006321959,0.497334349,,,
95828,95828,58717,-0.431520866,0.215536938,,,
95662,95662,32172,0.269935512,0.670220868,,,
92344,92344,23349,-0.320221593,0.279512567,,,
92314,92314,11385,-0.481451702,0.189642041,,,
91786,91786,53697,-0.101948469,0.431835491,,,
91701,91701,39461,0.301978538,0.691546078,,,
92386,92386,2248,-0.626803426,0.12185834,,,
92377,92377,20476,-0.030238891,0.485910129,,,
92311,92311,33454,-0.734686686,0.083777609,,,
92398,92398,2195,-0.292207176,0.29322163,,,
92071,92071,57710,0.247721698,0.656511805,,,
92021,92021,70148,-0.216762488,0.348819497,,,
92019,92019,43272,0.156462241,0.604722011,,,
92078,92078,50510,0.332123889,0.708301599,,,
92106,92106,20155,0.463087453,0.793602437,,,
92131,92131,34727,0.785960442,0.935262757,,,
92173,92173,31000,-0.656620013,0.11043412,,,
92129,92129,54762,0.592955593,0.862909368,,,
91977,91977,64750,-0.157099824,0.389185072,,,
92084,92084,51619,-0.071461284,0.450875857,,,
92009,92009,46612,0.771196948,0.932977913,,,
92123,92123,32473,0.225432167,0.642802742,,,
91913,91913,54114,0.166560156,0.607768469,,,
91945,91945,27236,-0.180376629,0.378522468,,,
92113,92113,58408,-0.762059024,0.078446306,,,
91901,91901,18162,0.181089715,0.61614623,,,
92115,92115,64343,-0.25266205,0.328255903,,,
92145,92145,1883,0.79126638,0.938309216,,,
94102,94102,31392,-0.152912883,0.392993145,,,
94112,94112,84707,0.419952066,0.762376238,,,
94129,94129,4136,1.106437154,0.984767708,,,
94127,94127,21151,1.140362639,0.988575781,,,
95206,95206,64250,-0.636759743,0.118050267,,,
95236,95236,4199,0.111361918,0.574257426,,,
95220,95220,7576,0.017503574,0.511805027,,,
93401,93401,28854,0.374699955,0.734958111,,,
93446,93446,44636,0.032148415,0.521706017,,,
94062,94062,28423,1.006154702,0.976389947,,,
94303,94303,48244,0.40574026,0.753998477,,,
94030,94030,22625,0.744792157,0.928408225,,,
93455,93455,46175,0.247005559,0.654988576,,,
93427,93427,6200,0.312642426,0.699923839,,,
93463,93463,7911,0.466657834,0.79893374,,,
95122,95122,56121,-0.116986195,0.419649657,,,
95121,95121,37531,0.268621988,0.667936024,,,
95030,95030,13481,1.020557263,0.977151561,,,
95133,95133,28565,0.120014666,0.578827113,,,
94087,94087,56668,0.855885532,0.955826352,,,
94301,94301,16582,1.139064892,0.987814166,,,
95124,95124,51455,0.735451368,0.926123382,,,
94041,94041,14572,0.802252789,0.941355674,,,
94306,94306,27435,0.971250832,0.968012186,,,
95046,95046,5918,0.155865744,0.603960396,,,
95060,95060,47801,0.376896951,0.735719726,,,
96001,96001,34293,-0.030103069,0.486671744,,,
96097,96097,9746,-0.235554022,0.335110434,,,
95618,95618,27519,0.376984519,0.73648134,,,
95351,95351,48542,-0.854652389,0.054074638,,,
93274,93274,74000,-0.566215797,0.150038081,,,
95370,95370,28096,0.040531907,0.52551409,,,
95372,95372,2056,-0.000992119,0.501904037,,,
95627,95627,3802,-0.119861931,0.418126428,,,
95903,95903,1653,-1.070441017,0.015232292,,,
